<?xml version="1.0"?>
<!DOCTYPE hibernate-mapping PUBLIC "-//Hibernate/Hibernate Mapping DTD 3.0//EN"
"http://www.hibernate.org/dtd/hibernate-mapping-3.0.dtd">
<!-- Generated 16-oct-2024 11:43:21 by Hibernate Tools 4.3.1 -->
<hibernate-mapping>
    <class name="modelo.Equipos" table="equipos" catalog="informatica" optimistic-lock="version">
        <id name="idEquipo" type="int">
            <column name="idEquipo" />
            <generator class="assigned" />
        </id>
        <property name="marca" type="string">
            <column name="marca" length="30" />
        </property>
        <property name="modelo" type="string">
            <column name="modelo" length="30" />
        </property>
        <property name="descripcion" type="string">
            <column name="descripcion" length="40" />
        </property>
        <property name="pulgadasPantalla" type="java.lang.Integer">
            <column name="pulgadasPantalla" />
        </property>
        <property name="capacidadDisco" type="java.lang.Integer">
            <column name="capacidadDisco" />
        </property>
        <property name="gbMemoria" type="java.lang.Integer">
            <column name="gbMemoria" />
        </property>
        <property name="precio" type="big_decimal">
            <column name="precio" precision="6" />
        </property>
    </class>
</hibernate-mapping>
