<?xml version="1.0" encoding="UTF-8"?>
<project-private xmlns="http://www.netbeans.org/ns/project-private/1">
    <editor-bookmarks xmlns="http://www.netbeans.org/ns/editor-bookmarks/2" lastBookmarkId="0"/>
    <open-files xmlns="http://www.netbeans.org/ns/projectui-open-files/2">
        <group>
            <file>file:/C:/Users/AlfonsoGaitanPerez/Documents/NetBeansProjects/AD/Tema%203/Ejercicio1T3AD/src/ejercicio1t3ad/Ejercicio1T3AD.java</file>
            <file>file:/C:/Users/AlfonsoGaitanPerez/Documents/NetBeansProjects/AD/Tema%203/Ejercicio1T3AD/src/Modelos/Socios.java</file>
        </group>
    </open-files>
</project-private>
