<?xml version="1.0"?>
<!DOCTYPE hibernate-mapping PUBLIC "-//Hibernate/Hibernate Mapping DTD 3.0//EN"
"http://www.hibernate.org/dtd/hibernate-mapping-3.0.dtd">
<!-- Generated 15-oct-2024 13:41:39 by Hibernate Tools 4.3.1 -->
<hibernate-mapping>
    <class name="Modelos.Socios" table="socios" catalog="videoclub" optimistic-lock="version">
        <id name="codsocio" type="int">
            <column name="codsocio" />
            <generator class="assigned" />
        </id>
        <property name="nombre" type="string">
            <column name="nombre" length="30" />
        </property>
        <property name="apellidos" type="string">
            <column name="apellidos" length="60" />
        </property>
        <property name="direccion" type="string">
            <column name="direccion" length="50" />
        </property>
        <property name="telefono" type="string">
            <column name="telefono" length="12" />
        </property>
        <property name="poblacion" type="string">
            <column name="poblacion" length="15" />
        </property>
    </class>
</hibernate-mapping>
